timestamp,emotion,score,blink_count
2025-12-04T01:24:21.330645,neutral,0.0,0
2025-12-04T01:24:21.603847,neutral,0.0,0
2025-12-04T01:24:21.847752,neutral,0.0,0
2025-12-04T01:24:22.108880,neutral,0.0,0
2025-12-04T01:24:22.343945,neutral,0.0,0
2025-12-04T01:24:22.574475,neutral,0.0,0
2025-12-04T01:24:22.798826,neutral,0.0,0
2025-12-04T01:24:23.021099,neutral,0.0,0
2025-12-04T01:24:23.243829,neutral,0.0,0
2025-12-04T01:24:23.477403,neutral,0.0,0
2025-12-04T01:24:23.717086,neutral,0.0,0
2025-12-04T01:24:23.931755,neutral,0.0,0
2025-12-04T01:24:24.119202,neutral,0.0,0
2025-12-04T01:24:24.348529,neutral,0.0,0
2025-12-04T01:24:24.538625,neutral,0.0,0
2025-12-04T01:24:24.748163,neutral,0.0,0
2025-12-04T01:24:24.941685,neutral,0.0,0
2025-12-04T01:24:25.145501,neutral,0.0,0
2025-12-04T01:24:25.360153,neutral,0.0,0
2025-12-04T01:24:25.583634,neutral,0.0,0
2025-12-04T01:24:25.814992,neutral,0.0,0
2025-12-04T01:24:26.025851,neutral,0.0,0
2025-12-04T01:24:26.262534,neutral,0.0,0
2025-12-04T01:24:26.486321,neutral,0.0,0
2025-12-04T01:24:26.715880,neutral,0.0,0
2025-12-04T01:24:26.919270,neutral,0.0,0
2025-12-04T01:24:27.140226,neutral,0.0,0
2025-12-04T01:24:27.364247,neutral,0.0,0
2025-12-04T01:24:27.600195,neutral,0.0,0
2025-12-04T01:24:27.817224,neutral,0.0,0
2025-12-04T01:24:28.049679,neutral,0.0,0
2025-12-04T01:24:28.266114,neutral,0.0,0
2025-12-04T01:24:28.493256,neutral,0.0,0
2025-12-04T01:24:28.729644,neutral,0.0,0
2025-12-04T01:24:28.960308,neutral,0.0,0
2025-12-04T01:24:29.191935,neutral,0.0,0
2025-12-04T01:24:29.428360,neutral,0.0,0
2025-12-04T01:24:29.666844,neutral,0.0,0
2025-12-04T01:24:29.903787,neutral,0.0,0
2025-12-04T01:24:30.148281,neutral,0.0,0
2025-12-04T01:24:30.388469,neutral,0.0,0
2025-12-04T01:24:30.622963,neutral,0.0,0
2025-12-04T01:24:30.842557,neutral,0.0,0
2025-12-04T01:24:31.066023,neutral,0.0,0
2025-12-04T01:24:31.283094,neutral,0.0,0
2025-12-04T01:24:31.527317,neutral,0.0,0
2025-12-04T01:24:31.771450,neutral,0.0,0
2025-12-04T01:24:31.998078,neutral,0.0,0
2025-12-04T01:24:32.228601,neutral,0.0,0
2025-12-04T01:24:32.446024,neutral,0.0,0
2025-12-04T01:24:32.674151,neutral,0.0,0
2025-12-04T01:24:32.891800,neutral,0.0,0
2025-12-04T01:24:33.114604,neutral,0.0,0
2025-12-04T01:24:33.343365,neutral,0.0,0
2025-12-04T01:24:33.552428,neutral,0.0,0
2025-12-04T01:24:33.773883,neutral,0.0,0
2025-12-04T01:24:34.013136,neutral,0.0,0
2025-12-04T01:24:34.264576,neutral,0.0,0
2025-12-04T01:24:34.508025,neutral,0.0,0
2025-12-04T01:24:34.729494,neutral,0.0,0
2025-12-04T01:24:35.301414,neutral,0.0,0
2025-12-04T01:24:35.549367,neutral,0.0,0
2025-12-04T01:24:35.845510,neutral,0.0,0
2025-12-04T01:24:36.088037,neutral,0.0,0
2025-12-04T01:24:36.341424,neutral,0.0,0
2025-12-04T01:24:36.594772,neutral,0.0,0
2025-12-04T01:24:36.826858,neutral,0.0,0
2025-12-04T01:24:37.084494,neutral,0.0,0
2025-12-04T01:24:37.331466,neutral,0.0,0
2025-12-04T01:24:37.570953,neutral,0.0,0
2025-12-04T01:24:37.807533,neutral,0.0,0
2025-12-04T01:24:38.062922,neutral,0.0,0
2025-12-04T01:24:38.344578,neutral,0.0,0
2025-12-04T01:24:38.592279,neutral,0.0,0
2025-12-04T01:24:38.842987,neutral,0.0,0
2025-12-04T01:45:48.087963,neutral,0.0,0
2025-12-04T01:45:48.356357,neutral,0.0,0
2025-12-04T01:45:48.590911,neutral,0.0,0
2025-12-04T01:45:48.810354,neutral,0.0,0
2025-12-04T01:45:49.043405,neutral,0.0,0
2025-12-04T01:45:49.296614,neutral,0.0,0
2025-12-04T01:45:49.508178,neutral,0.0,0
2025-12-04T01:45:49.618056,neutral,0.0,0
2025-12-04T01:45:49.764327,neutral,0.0,0
2025-12-04T01:45:50.024891,neutral,0.0,0
2025-12-04T01:45:50.292886,neutral,0.0,0
2025-12-04T01:45:50.541367,neutral,0.0,0
2025-12-04T01:45:50.792872,neutral,0.0,0
2025-12-04T01:45:51.032240,neutral,0.0,0
2025-12-04T01:45:51.329204,neutral,0.0,0
2025-12-04T01:45:51.563606,neutral,0.0,0
2025-12-04T01:45:51.638695,neutral,0.0,0
2025-12-04T01:45:51.903966,neutral,0.0,0
2025-12-04T01:45:51.930984,neutral,0.0,0
2025-12-04T01:45:52.237249,neutral,0.0,0
2025-12-04T01:45:52.250152,neutral,0.0,0
2025-12-04T01:45:52.500517,neutral,0.0,0
2025-12-04T01:45:52.791108,neutral,0.0,0
2025-12-04T01:45:53.216087,neutral,0.0,0
2025-12-04T01:45:53.243024,neutral,0.0,0
2025-12-04T01:45:53.527007,neutral,0.0,0
2025-12-04T01:45:53.625756,neutral,0.0,0
2025-12-04T01:45:53.824995,neutral,0.0,0
2025-12-04T01:45:54.125146,neutral,0.0,0
2025-12-04T01:45:54.430195,neutral,0.0,0
2025-12-04T01:45:54.714003,neutral,0.0,0
2025-12-04T01:45:54.997701,neutral,0.0,0
2025-12-04T01:45:55.277893,neutral,0.0,0
2025-12-04T01:45:55.563887,neutral,0.0,0
2025-12-04T01:45:55.844760,neutral,0.0,0
2025-12-04T01:45:56.123271,neutral,0.0,0
2025-12-04T01:45:56.390138,neutral,0.0,0
2025-12-04T01:45:56.660458,neutral,0.0,0
2025-12-04T01:45:56.923745,neutral,0.0,0
2025-12-04T01:45:57.319566,neutral,0.0,0
2025-12-04T01:45:57.596670,neutral,0.0,0
2025-12-04T01:45:57.771145,neutral,0.0,0
2025-12-04T01:45:57.947206,neutral,0.0,0
2025-12-04T01:45:58.066324,neutral,0.0,0
2025-12-04T01:45:58.127859,neutral,0.0,0
2025-12-04T01:45:58.161859,neutral,0.0,0
2025-12-04T01:45:58.304388,neutral,0.0,0
2025-12-04T01:45:58.355903,neutral,0.0,0
2025-12-04T01:45:58.464479,neutral,0.0,0
2025-12-04T01:45:58.521010,neutral,0.0,0
2025-12-04T01:45:58.610527,neutral,0.0,0
2025-12-04T01:45:58.758283,neutral,0.0,0
2025-12-04T01:45:58.904858,neutral,0.0,0
2025-12-04T01:45:59.087906,neutral,0.0,0
2025-12-04T01:45:59.230589,neutral,0.0,0
2025-12-04T01:45:59.366592,neutral,0.0,0
2025-12-04T01:45:59.455106,neutral,0.0,0
2025-12-04T01:45:59.503862,neutral,0.0,0
2025-12-04T01:45:59.587779,neutral,0.0,0
2025-12-04T01:45:59.645436,neutral,0.0,0
2025-12-04T01:45:59.767066,neutral,0.0,0
2025-12-04T01:45:59.933522,neutral,0.0,0
2025-12-04T01:46:00.113584,neutral,0.0,0
2025-12-04T01:46:00.589386,neutral,0.0,0
